reading_id,plant_id,timestamp,so2_ppm,nox_ppm,pm_ug_m3,co_ppm,voc_ppm,effluent_ph,effluent_cod_mgL,effluent_bod_mgL,effluent_tss_mgL,process_temp_c,process_pressure_bar,process_flow_m3h,operational_status,is_anomaly,data_quality_flag
1,PL01,2026-08-19T00:00:00,50.93,40.76,66.91,14.13,10.29,7.23,70.1,19.9,45.4,70.8,2.0,252.7,Startup,False,Normal
2,PL01,2026-08-19T02:00:00,46.19,33.39,64.19,14.8,12.6,7.19,81.9,29.4,53.7,80.5,1.89,288.5,Running,False,Normal
3,PL01,2026-08-19T04:00:00,57.07,42.49,65.71,13.34,11.83,6.89,83.9,27.1,47.2,81.4,1.95,332.4,Running,False,Normal
4,PL01,2026-08-19T06:00:00,58.41,44.84,73.59,15.3,13.37,6.5,84.0,24.0,60.2,86.3,2.24,303.1,Running,False,Normal
5,PL01,2026-08-19T08:00:00,76.95,47.61,92.65,19.99,15.41,6.58,110.6,34.8,67.5,104.0,2.9,366.7,Running,True,Normal
6,PL01,2026-08-19T10:00:00,74.48,45.3,96.8,20.98,15.42,6.58,107.6,35.3,68.2,107.4,2.78,449.7,Running,True,Normal
81,PL01,2026-08-19T10:00:00,74.48,45.3,96.8,20.98,15.42,6.58,107.6,35.3,68.2,107.4,2.78,449.7,Running,True,Sensor Error
7,PL01,2026-08-19T12:00:00,86.91,62.34,98.39,18.18,16.25,7.15,107.1,30.0,76.6,117.4,3.14,453.5,Running,True,Normal
8,PL01,2026-08-19T14:00:00,87.52,62.57,107.69,20.19,17.98,7.2,111.6,39.8,84.3,124.7,3.05,447.7,Running,True,Normal
9,PL01,2026-08-19T16:00:00,70.97,71.55,108.65,21.54,18.36,7.3,113.9,38.6,85.1,130.4,3.13,431.6,Running,True,Normal
10,PL01,2026-08-19T18:00:00,90.77,62.15,98.62,23.23,22.34,6.75,135.8,45.5,85.9,127.9,3.34,472.1,Running,True,Normal
11,PL02,2026-08-19T00:00:00,18.03,13.4,35.94,6.85,24.98,7.04,65.1,18.6,38.3,70.2,1.79,255.8,Startup,False,Normal
12,PL02,2026-08-19T02:00:00,17.89,11.55,39.2,7.16,21.14,7.06,67.9,22.6,44.2,73.3,1.98,252.6,Running,False,Normal
13,PL02,2026-08-19T04:00:00,20.87,14.64,42.43,7.18,24.12,7.36,69.5,20.5,46.3,77.7,1.71,298.1,Running,False,Normal
14,PL02,2026-08-19T06:00:00,16.42,12.01,40.59,6.99,21.81,6.8,68.7,21.9,48.6,72.9,1.63,236.5,Running,False,Normal
15,PL02,2026-08-19T08:00:00,22.92,15.86,48.67,7.93,28.94,6.55,90.6,26.7,52.0,86.8,2.38,310.7,Running,False,Normal
16,PL02,2026-08-19T10:00:00,16.72,15.65,44.52,8.09,21.45,6.97,74.7,21.3,56.6,80.9,2.22,310.8,Running,False,Normal
17,PL02,2026-08-19T12:00:00,22.38,16.11,42.77,7.9,25.18,7.44,78.6,23.7,45.4,82.8,2.02,332.4,Running,False,Normal
18,PL02,2026-08-19T14:00:00,18.72,14.09,49.18,8.56,24.21,6.99,78.9,22.5,46.9,79.6,2.01,307.6,Running,False,Normal
19,PL02,2026-08-19T16:00:00,23.53,15.49,48.6,8.29,29.4,6.92,98.3,29.6,63.8,93.6,2.13,327.8,Running,False,Normal
20,PL02,2026-08-19T18:00:00,19.83,13.53,44.57,8.42,26.93,6.94,87.0,30.1,45.7,83.4,1.96,348.4,Running,False,Normal
21,PL03,2026-08-19T00:00:00,53.33,45.34,89.18,22.63,5.4,6.85,66.8,20.7,46.7,73.1,1.67,268.5,Startup,True,Normal
22,PL03,2026-08-19T02:00:00,59.2,52.86,75.8,23.23,5.57,6.76,78.6,27.5,55.4,79.6,2.11,275.8,Running,False,Normal
23,PL03,2026-08-19T04:00:00,61.85,53.19,82.6,22.92,6.85,6.76,80.3,26.8,54.7,79.6,1.9,318.7,Running,True,Normal
24,PL03,2026-08-19T06:00:00,69.53,59.88,95.63,27.43,5.84,7.44,92.1,27.4,56.2,84.9,2.05,293.9,Running,True,Normal
25,PL03,2026-08-19T08:00:00,74.14,77.58,103.99,24.81,7.79,7.01,113.4,34.1,67.5,110.5,2.39,402.9,Running,True,Normal
26,PL03,2026-08-19T10:00:00,83.74,69.01,120.96,30.0,8.56,6.83,100.1,31.5,69.3,113.5,2.86,449.5,Running,True,Normal
27,PL03,2026-08-19T12:00:00,88.06,84.85,142.13,29.63,7.84,6.63,106.3,37.4,72.0,116.8,2.77,447.9,Running,True,Normal
28,PL03,2026-08-19T14:00:00,93.0,90.83,114.22,35.71,9.35,7.27,117.4,40.7,70.4,116.2,3.16,458.3,Running,True,Normal
29,PL03,2026-08-19T16:00:00,82.37,88.69,112.79,33.68,10.45,6.79,128.4,38.9,81.6,125.9,2.86,508.7,Running,True,Normal
30,PL03,2026-08-19T18:00:00,91.14,100.18,138.46,36.01,10.69,6.87,136.1,43.1,90.1,130.1,3.37,473.1,Running,True,Normal
31,PL04,2026-08-19T00:00:00,18.36,16.35,35.08,4.95,27.99,7.54,78.2,24.8,47.8,78.4,1.74,261.5,Startup,False,Normal
32,PL04,2026-08-19T02:00:00,14.99,17.37,31.27,4.88,28.52,6.43,72.8,25.7,45.4,71.4,1.98,274.3,Running,False,Normal
33,PL04,2026-08-19T04:00:00,16.23,21.0,30.43,5.57,24.45,7.18,72.5,22.2,53.5,73.4,1.78,280.5,Running,False,Normal
34,PL04,2026-08-19T06:00:00,14.48,17.77,29.16,5.17,26.73,6.76,74.9,26.6,38.0,73.8,1.8,265.3,Running,False,Normal
35,PL04,2026-08-19T08:00:00,15.92,22.52,37.4,5.58,30.08,6.46,91.0,29.0,49.1,84.2,2.06,326.8,Running,False,Normal
36,PL04,2026-08-19T10:00:00,21.12,18.16,41.12,6.34,34.97,6.76,91.6,26.3,54.3,92.0,2.08,316.8,Running,False,Normal
37,PL04,2026-08-19T12:00:00,17.05,23.63,35.01,7.42,26.93,7.26,85.4,29.0,46.5,89.8,2.03,294.4,Running,False,Normal
38,PL04,2026-08-19T14:00:00,18.77,19.92,36.5,5.35,29.73,7.34,75.3,26.8,50.5,79.6,1.99,312.6,Running,False,Normal
39,PL04,2026-08-19T16:00:00,19.41,20.38,35.95,7.04,35.11,6.81,95.9,29.7,62.8,86.0,2.26,354.5,Running,False,Normal
40,PL04,2026-08-19T18:00:00,18.46,23.79,39.15,5.54,31.32,6.95,89.0,29.6,48.1,89.7,2.0,326.4,Running,False,Normal
41,PL05,2026-08-19T00:00:00,52.84,33.94,64.71,14.03,9.55,6.96,74.1,26.2,49.0,72.1,1.93,276.5,Startup,False,Normal
42,PL05,2026-08-19T02:00:00,51.62,34.52,54.14,13.83,9.49,6.83,69.0,22.0,42.3,71.3,1.73,254.6,Running,False,Normal
43,PL05,2026-08-19T04:00:00,54.62,34.4,61.36,13.79,11.14,7.32,75.3,22.5,46.2,76.0,1.84,252.2,Running,False,Normal
44,PL05,2026-08-19T06:00:00,49.93,40.4,58.87,14.56,9.21,7.86,73.5,22.6,44.8,71.3,1.72,284.9,Running,False,Normal
45,PL05,2026-08-19T08:00:00,67.81,42.52,80.92,18.59,13.01,7.38,93.5,30.6,63.6,91.9,2.13,324.2,Running,False,Normal
46,PL05,2026-08-19T10:00:00,61.51,44.75,81.79,16.86,14.61,6.84,93.0,26.8,47.2,86.6,2.2,321.5,Running,False,Normal
47,PL05,2026-08-19T12:00:00,58.71,40.39,79.09,16.19,11.14,6.78,78.0,26.9,59.5,80.4,1.99,318.0,Running,False,Normal
48,PL05,2026-08-19T14:00:00,53.61,39.34,66.25,18.22,12.62,7.37,86.2,28.1,47.4,91.4,2.01,345.0,Running,False,Normal
49,PL05,2026-08-19T16:00:00,60.3,42.91,69.75,15.4,11.23,7.24,83.5,23.6,49.1,82.1,2.25,287.8,Running,False,Normal
50,PL05,2026-08-19T18:00:00,58.91,37.4,74.26,14.85,13.05,7.13,78.1,23.5,46.8,80.3,2.22,320.8,Running,False,Normal
51,PL06,2026-08-19T00:00:00,17.76,14.47,40.59,7.89,21.82,6.93,74.5,26.2,48.9,73.8,1.65,259.1,Startup,False,Normal
52,PL06,2026-08-19T02:00:00,19.72,14.88,45.63,6.82,21.99,6.77,71.8,23.1,47.2,75.1,2.11,284.2,Running,False,Normal
53,PL06,2026-08-19T04:00:00,18.62,15.42,44.83,8.38,26.43,7.27,77.7,25.9,47.1,79.8,1.76,267.5,Running,False,Normal
54,PL06,2026-08-19T06:00:00,18.7,11.54,41.23,7.29,24.25,6.77,63.9,20.5,45.5,70.2,1.73,239.7,Running,False,Normal
55,PL06,2026-08-19T08:00:00,20.67,18.72,47.47,8.62,24.25,6.6,86.0,26.2,44.1,81.8,1.95,330.8,Running,False,Normal
56,PL06,2026-08-19T10:00:00,23.06,17.13,56.6,9.23,28.97,6.68,90.7,28.8,56.2,87.8,2.14,348.2,Running,False,Normal
57,PL06,2026-08-19T12:00:00,24.21,17.09,50.59,8.11,27.31,6.77,74.4,25.2,56.9,83.3,2.13,332.5,Running,False,Normal
58,PL06,2026-08-19T14:00:00,20.96,18.84,43.81,10.15,32.4,6.37,81.7,25.4,59.7,85.5,2.08,321.6,Running,False,Normal
59,PL06,2026-08-19T16:00:00,25.33,16.47,48.6,8.54,28.86,6.96,93.1,28.5,46.8,,1.96,345.6,Running,False,Missing
60,PL06,2026-08-19T18:00:00,24.69,13.68,54.52,9.16,26.65,7.41,81.0,23.2,49.0,84.2,2.08,338.3,Running,False,Normal
61,PL07,2026-08-19T00:00:00,20.65,21.18,31.09,8.08,2.23,6.87,27.8,8.0,21.0,30.2,0.77,101.6,Idle,False,Normal
62,PL07,2026-08-19T02:00:00,24.05,22.59,33.86,9.09,2.29,7.34,29.5,9.2,20.5,30.1,0.73,119.0,Idle,False,Normal
63,PL07,2026-08-19T04:00:00,24.48,21.34,34.25,9.06,2.4,6.84,33.8,11.9,20.2,32.0,0.82,112.1,Idle,False,Normal
64,PL07,2026-08-19T06:00:00,28.52,24.37,42.36,9.51,2.5,7.15,37.7,13.1,18.9,33.9,0.83,123.4,Idle,False,Normal
65,PL07,2026-08-19T08:00:00,37.75,30.73,46.16,12.12,3.59,6.68,46.2,16.3,28.3,43.6,1.14,166.8,Idle,False,Normal
66,PL07,2026-08-19T10:00:00,34.95,29.79,49.72,13.3,3.45,6.56,45.7,13.3,24.2,,1.0,174.8,Idle,False,Missing
67,PL07,2026-08-19T12:00:00,34.8,33.87,53.77,12.63,3.42,7.17,48.6,17.0,27.6,46.0,1.1,160.8,Idle,False,Normal
68,PL07,2026-08-19T14:00:00,44.62,31.72,50.44,15.8,3.84,6.74,43.8,14.9,27.5,48.7,1.24,175.8,Idle,False,Normal
69,PL07,2026-08-19T16:00:00,37.51,35.1,52.21,14.76,4.09,7.26,52.2,15.7,30.0,50.5,1.21,193.1,Idle,False,Normal
70,PL07,2026-08-19T18:00:00,34.62,32.07,54.08,16.19,3.75,6.71,51.3,17.2,33.7,49.7,1.17,175.8,Idle,False,Normal
71,PL08,2026-08-19T00:00:00,14.23,16.81,25.94,5.87,24.85,6.66,72.5,24.5,49.7,72.4,1.9,273.4,Startup,False,Normal
72,PL08,2026-08-19T02:00:00,15.19,16.33,28.48,5.27,22.06,7.66,69.8,24.6,46.7,68.5,1.71,293.9,Running,False,Normal
73,PL08,2026-08-19T04:00:00,17.31,18.94,27.78,4.61,29.46,7.09,83.9,28.8,43.6,79.0,1.93,291.7,Running,False,Normal
74,PL08,2026-08-19T06:00:00,15.75,14.74,28.38,4.95,31.75,6.93,71.8,24.7,39.3,73.9,1.65,259.6,Running,False,Normal
75,PL08,2026-08-19T08:00:00,20.07,21.12,38.88,6.67,32.18,7.06,86.4,26.7,56.1,86.9,2.06,335.0,Running,False,Normal
76,PL08,2026-08-19T10:00:00,18.89,20.55,37.66,6.43,37.75,6.97,89.3,25.8,60.3,90.1,2.45,327.8,Running,False,Normal
77,PL08,2026-08-19T12:00:00,16.51,18.36,34.08,5.5,28.13,6.85,82.6,26.0,56.1,79.3,2.13,332.8,Running,False,Normal
78,PL08,2026-08-19T14:00:00,16.56,23.23,33.07,7.01,29.14,7.27,86.8,26.5,52.2,94.3,2.34,336.5,Running,False,Normal
79,PL08,2026-08-19T16:00:00,15.63,20.82,33.52,6.1,35.12,7.27,83.1,27.7,49.9,85.2,2.23,303.1,Running,False,Normal
80,PL08,2026-08-19T18:00:00,17.4,20.98,37.0,6.24,31.0,7.28,87.4,26.9,52.0,78.6,1.95,289.8,Running,False,Normal
